[{
    "_id": 1,
    "title": "ㄹ",
    "description": "Lorem ipsum dolor sit incid idunt ut Lorem ipsum sit.",
    "start": "2019-10-07T09:30",
    "end": "2019-10-07T15:00",
    "type": "카테고리1",
    "username": "수연",
    "backgroundColor": "#D25565",
    "textColor": "#ffffff",
    "allDay": false
  }, {
    "_id": 2,
    "title": "출국",
    "description": "Lorem ipsum dolor sit incid idunt ut Lorem ipsum sit.",
    "start": "2019-10-01T12:30",
    "end": "2019-10-01T15:30",
    "type": "카테고리1",
    "username": "찬민",
    "backgroundColor": "#9775fa",
    "textColor": "#ffffff",
    "allDay": false
  }, {
    "_id": 3,
    "title": "수연 생일",
    "description": "Lorem ipsum dolor sit incid idunt ut Lorem ipsum sit.",
    "start": "2019-10-11",
    "end": "2019-10-11",
    "type": "카테고리2",
    "username": "백구",
    "backgroundColor": "#ffa94d",
    "textColor": "#ffffff",
    "allDay": true
  }, {
    "_id": 4,
    "title": "호텔체크인 ",
    "description": "Lorem ipsum dolor sit incid idunt ut Lorem ipsum sit.",
    "start": "2019-10-06",
    "end": "2019-10-06",
    "type": "카테고리2",
    "username": "소원",
    "backgroundColor": "#74c0fc",
    "textColor": "#ffffff",
    "allDay": true
  }, {
    "_id": 5,
    "title": "프라하 성",
    "description": "Lorem ipsum dolor sit incid idunt ut Lorem ipsum sit.",
    "start": "2019-10-08",
    "end": "2019-10-08",
    "type": "카테고리3",
    "username": "도원",
    "backgroundColor": "#f06595",
    "textColor": "#ffffff",
    "allDay": true
  }, {
    "_id": 6,
    "title": "카를교",
    "description": "Lorem ipsum dolor sit incid idunt ut Lorem ipsum sit.",
    "start": "2019-10-14",
    "end": "2019-10-14",
    "type": "카테고리2",
    "username": "수연",
    "backgroundColor": "#63e6be",
    "textColor": "#ffffff",
    "allDay": true
  }, {
    "_id": 7,
    "title": "체코",
    "description": "Lorem ipsum dolor sit incid idunt ut Lorem ipsum sit.",
    "start": "2019-10-18",
    "end": "2019-10-20",
    "type": "카테고리4",
    "username": "찬민",
    "backgroundColor": "#a9e34b",
    "textColor": "#ffffff",
    "allDay": true
  },{
    "_id": 8,
    "title": "시계",
    "description": "Lorem ipsum dolor sit incid idunt ut Lorem ipsum sit.",
    "start": "2019-10-24T09:00",
    "end": "2019-10-24T10:00",
    "type": "카테고리3",
    "username": "백구",
    "backgroundColor": "#4d638c",
    "textColor": "#ffffff",
    "allDay": false
  },{
    "_id": 9,
    "title": "출장",
    "description": "Lorem ipsum dolor sit incid idunt ut Lorem ipsum sit.",
    "start": "2019-10-28",
    "end": "2019-10-31",
    "type": "카테고리3",
    "username": "수연",
    "backgroundColor": "#495057",
    "textColor": "#ffffff",
    "allDay": true
  },{
    "_id": 10,
    "title": "접수 기간",
    "description": "Lorem ipsum dolor sit incid idunt ut Lorem ipsum sit.",
    "start": "2019-10-15",
    "end": "2019-10-22",
    "type": "카테고리2",
    "username": "도원",
    "backgroundColor": "#9775fa",
    "textColor": "#ffffff",
    "allDay": true
  }]